ProductID	ProductName	Price	CategoryID	Class	ModifyDate	Resistant	IsAllergic	Bio
1	Flour - Whole Wheat	74,2988	3	Medium	2018-02-16 08:21:49.190	Durable	NULL	No
2	Cookie Chocolate Chip With	91,2329	3	Medium	2017-02-12 11:39:10.970	NULL	NULL	No
3	Onions - Cippolini	9,1379	9	Medium	2018-03-15 08:11:51.560	Weak	False	No
4	Sauce - Gravy, Au Jus, Mix	54,3055	9	Medium	2017-07-16 00:46:28.880	Durable	NULL	No
5	Artichokes - Jerusalem	65,4771	2	Low	2017-08-16 14:13:35.430	Durable	True	Yes
6	Wine - Magnotta - Cab Sauv	79,7184	8	High	2017-05-25 15:08:39.690	NULL	NULL	No
7	Table Cloth - 53x69 Colour	31,837	9	Medium	2017-02-24 15:14:30.050	Durable	False	Yes
8	Halibut - Steaks	89,8573	5	Medium	2018-03-24 05:21:21.890	NULL	True	Yes
9	Rabbit - Whole	84,4219	11	Medium	2017-06-17 12:12:04.670	Durable	NULL	No
10	Scampi Tail	95,0957	4	Low	2017-07-30 10:11:45.990	Weak	True	No
11	Garbage Bags - Clear	6,2949	9	Low	2017-01-05 21:02:21.330	Durable	True	No
12	Ezy Change Mophandle	49,3356	4	Medium	2017-11-01 09:49:59.030	Durable	True	No
13	Water, Tap	28,2232	11	Low	2017-01-16 19:49:10.930	Durable	False	No
14	Beef - Top Sirloin	3,3324	7	Medium	2017-02-26 11:40:47.850	Durable	True	No
15	Spoon - Soup, Plastic	32,442	1	Low	2017-03-03 09:47:09.310	Weak	True	No
16	Kellogs Special K Cereal	54,7246	2	Low	2017-01-23 09:25:47.110	Durable	True	No
17	Wine - White, Mosel Gold	43,9182	10	Medium	2017-03-01 14:03:04.920	NULL	NULL	No
18	Lamb - Whole, Fresh	23,3966	10	Medium	2017-12-19 16:45:04.730	NULL	False	No
19	Tea - Earl Grey	22,5614	3	Medium	2017-06-14 22:39:53.340	Weak	True	No
20	Chocolate - Feathers	85,9011	3	Low	2017-07-21 11:13:57.550	Durable	True	No
21	Kiwi	46,7252	7	High	2018-05-09 08:59:46.150	Durable	NULL	Yes
22	Rice - Jasmine Sented	27,8955	6	Medium	2017-05-09 14:08:23.630	Weak	NULL	No
23	Crab - Imitation Flakes	79,0184	11	Medium	2017-08-19 07:18:29.890	Durable	True	No
24	Beer - Alexander Kieths, Pale Ale	89,037	3	Medium	2017-05-23 03:36:02.420	Durable	True	No
25	Soupcontfoam16oz 116con	80,7666	10	High	2017-04-09 15:30:41.250	Durable	True	No
26	Squid U5 - Thailand	33,7821	11	Medium	2018-03-26 19:31:26.970	Weak	False	No
27	Chocolate - Compound Coating	17,1724	1	Medium	2017-10-29 17:27:27.280	NULL	NULL	No
28	Sobe - Tropical Energy	12,3153	9	High	2017-10-25 04:23:48.230	Durable	True	No
29	Spinach - Baby	33,5883	7	Low	2017-08-06 17:21:24.000	Durable	True	No
30	Cheese - Brie, Triple Creme	67,899	6	Low	2018-03-21 19:28:46.740	Weak	NULL	No
31	Yeast Dry - Fermipan	73,9851	2	Medium	2017-04-17 23:33:06.110	Durable	False	No
32	Lettuce - Treviso	96,4127	3	High	2017-01-09 18:29:05.790	Durable	True	No
33	Beans - Wax	45,5551	10	Medium	2017-02-01 15:20:22.860	Weak	True	No
34	Mustard Prepared	43,3463	6	Medium	2017-09-21 16:05:20.820	Weak	NULL	No
35	Water - Mineral, Natural	15,7233	6	Low	2017-10-01 15:36:07.080	Durable	True	Yes
36	Table Cloth 54x72 White	69,2574	9	Low	2018-03-04 18:24:57.500	Durable	True	Yes
37	Nut - Pistachio, Shelled	80,3171	7	Low	2017-02-27 14:01:39.130	NULL	False	No
38	Sage - Ground	81,6579	6	High	2017-09-26 00:45:35.600	Weak	False	Yes
39	Dried Figs	75,2059	11	Medium	2017-08-04 21:51:44.260	Weak	False	No
40	Cocktail Napkin Blue	8,9372	8	Low	2017-06-28 03:05:34.400	NULL	NULL	No
41	Cup - 6oz, Foam	81,721	7	Medium	2018-03-15 16:02:55.860	NULL	True	No
42	Bread - Raisin Walnut Oval	81,0488	1	High	2018-04-01 08:39:17.290	Weak	False	No
43	Sponge Cake Mix - Chocolate	16,3983	9	High	2017-08-12 13:40:16.800	Weak	True	No
44	Wine - White, Colubia Cresh	48,5981	7	High	2018-04-09 16:28:48.450	Durable	True	No
45	Beef - Ground Medium	79,5324	4	Medium	2018-03-23 17:00:00.370	Weak	True	No
46	Lambcasing	86,7915	9	High	2017-07-12 21:27:57.760	Durable	False	No
47	Thyme - Lemon, Fresh	47,1339	9	High	2018-02-16 02:50:46.780	Weak	False	No
48	Pecan Raisin - Tarts	60,3625	7	Low	2017-11-26 03:31:03.240	NULL	NULL	No
49	Bacardi Breezer - Tropical	61,4317	8	High	2017-01-03 12:21:41.850	Durable	False	No
50	Pork - Kidney	43,2864	7	High	2018-04-21 00:02:16.210	Weak	True	Yes
51	Wine - Crozes Hermitage E.	81,0134	11	Medium	2017-05-16 18:38:05.230	NULL	NULL	No
52	Turnip - White, Organic	55,6059	1	Low	2017-06-27 06:39:03.810	Durable	False	No
53	Cassis	92,6279	8	Medium	2018-02-16 15:42:44.950	Weak	True	No
54	Liners - Banana, Paper	53,5592	9	Medium	2017-06-23 03:31:04.500	Weak	True	No
55	Cinnamon Buns Sticky	6,6182	3	High	2018-03-05 08:20:42.050	NULL	False	No
56	Chips Potato Salt Vinegar 43g	46,4033	9	Low	2017-10-10 18:13:25.560	Weak	False	No
57	Sausage - Breakfast	12,2145	3	Low	2017-11-03 04:20:41.080	NULL	True	No
58	Dc Hikiage Hira Huba	20,1009	7	Low	2017-10-24 04:35:49.140	Durable	NULL	No
59	Pastry - Butterscotch Baked	73,5389	10	High	2017-04-08 09:15:47.620	NULL	False	No
60	Pepper - Paprika, Hungarian	31,6949	2	Medium	2017-09-29 18:42:08.470	Weak	NULL	No
61	Sardines	62,546	8	Low	2017-12-03 21:41:12.420	Durable	False	No
62	Pears - Bosc	19,5217	1	Medium	2017-09-09 10:50:41.830	NULL	NULL	No
63	Cake - Mini Cheesecake	56,2689	9	Low	2017-08-18 11:59:57.890	Weak	NULL	No
64	Vinegar - Sherry	16,5229	6	Low	2017-08-05 16:43:17.930	NULL	True	Yes
65	Brandy - Bar	21,1106	3	High	2017-04-14 10:38:39.870	Weak	False	No
66	Pie Filling - Cherry	9,8823	7	Medium	2018-05-06 02:33:15.540	Weak	False	No
67	Wine - Sogrape Mateus Rose	3,7805	5	Low	2017-09-30 18:29:36.160	NULL	True	No
68	Beets - Candy Cane, Organic	84,8769	6	High	2017-09-04 03:43:50.120	Durable	False	No
69	Raspberries - Fresh	87,6092	1	Low	2017-10-04 20:04:40.780	NULL	True	No
70	Squid - Tubes / Tenticles 10/20	63,1846	4	Low	2017-05-08 15:22:11.810	Weak	True	No
71	Cheese - Wine	74,4076	6	Low	2018-04-04 19:24:07.990	Durable	NULL	No
72	Bar - Granola Trail Mix Fruit Nut	62,2603	4	High	2017-10-13 13:17:29.330	Durable	False	No
73	Appetizer - Sausage Rolls	48,1907	11	Low	2017-05-17 18:53:20.470	Weak	True	No
74	Carbonated Water - Cherry	13,6241	7	Medium	2018-04-26 19:34:18.940	Durable	False	Yes
75	Chef Hat 20cm	4,18	8	High	2017-09-14 19:11:01.690	Durable	NULL	No
76	Wine - Fume Blanc Fetzer	65,6765	6	Low	2017-02-08 00:20:28.860	Durable	False	No
77	Potatoes - Idaho 100 Count	11,4971	9	Medium	2018-02-04 00:28:06.840	Durable	False	No
78	Wine - Magnotta - Belpaese	30,4202	4	Medium	2017-09-18 14:49:41.440	Weak	NULL	No
79	Pasta - Penne, Rigate, Dry	9,5045	11	High	2017-07-09 10:36:02.050	Weak	False	No
80	Wasabi Powder	93,9752	2	High	2018-02-04 18:02:43.490	Weak	True	No
81	Cookies - Assorted	86,6483	2	Medium	2017-02-08 16:40:40.180	NULL	NULL	No
82	Jolt Cola - Electric Blue	56,8099	5	Low	2018-04-12 13:56:24.050	NULL	NULL	No
83	Lamb - Ground	50,8837	1	High	2017-10-22 16:02:06.370	Durable	NULL	No
84	Peas - Frozen	90,3019	1	Medium	2017-08-25 17:19:07.790	Durable	False	No
85	Cheese - Parmesan Cubes	86,8857	7	High	2017-11-06 00:50:41.510	Durable	NULL	No
86	Longos - Grilled Chicken With	18,3791	2	Low	2018-02-28 16:54:02.310	Weak	False	No
87	Wine - Pinot Noir Latour	3,7847	7	Low	2017-04-02 02:46:20.850	NULL	False	No
88	Remy Red	91,996	2	Low	2017-12-19 11:49:18.370	Durable	NULL	No
89	Beef - Ground, Extra Lean, Fresh	36,7281	3	Medium	2017-11-26 07:44:38.770	Weak	True	Yes
90	Flavouring - Orange	69,32	9	High	2018-04-30 21:22:41.530	NULL	True	No
91	General Purpose Trigger	57,0429	6	High	2017-05-02 14:04:16.410	Durable	True	No
92	Wine - Red, Colio Cabernet	60,2161	1	Low	2017-09-13 09:25:50.000	Weak	NULL	No
93	Bandage - Fexible 1x3	8,119	8	Low	2017-06-20 15:29:47.970	Durable	False	No
94	V8 - Berry Blend	43,5109	9	High	2018-03-15 03:09:35.790	Weak	NULL	No
95	Beans - Kidney White	46,3913	1	High	2017-12-02 05:24:21.990	NULL	NULL	No
96	Cheese - Bocconcini	62,1993	7	High	2017-07-07 05:12:14.030	NULL	False	No
97	Veal - Inside	24,7798	4	Medium	2017-08-14 20:39:19.390	Weak	True	No
98	Shrimp - 31/40	99,8755	3	High	2017-01-07 20:56:58.860	Weak	False	No
99	Mustard - Seed	27,4874	5	Low	2017-12-27 05:50:08.570	Weak	True	Yes
100	Pork - Loin, Bone - In	69,6501	9	Low	2018-03-27 14:26:44.840	Durable	NULL	No
101	Soup - Campbells, Lentil	83,011	4	Medium	2018-02-19 02:58:21.610	Durable	NULL	No
102	Rosemary - Primerba, Paste	62,257	4	High	2017-06-14 23:06:56.660	NULL	False	No
103	Cream Of Tartar	72,7534	7	Low	2017-02-22 07:26:22.460	NULL	NULL	No
104	Tia Maria	98,2471	5	High	2018-01-04 20:59:30.040	NULL	False	No
105	Ecolab - Mikroklene 4/4 L	68,8789	1	Medium	2017-01-17 04:38:08.220	Durable	True	Yes
106	Pickerel - Fillets	18,753	7	High	2017-12-11 05:20:35.910	Weak	False	No
107	Bread - French Baquette	7,4151	1	High	2017-02-10 11:45:43.340	Weak	False	No
108	Pasta - Orecchiette	79,0038	1	High	2018-03-01 20:08:26.010	Weak	True	Yes
109	Muffin - Zero Transfat	49,3791	1	Medium	2018-02-15 08:20:02.820	Durable	False	No
110	Black Currants	40,9417	9	High	2018-01-26 08:00:13.180	Durable	NULL	Yes
111	Scallops 60/80 Iqf	34,9061	11	Medium	2018-01-13 17:45:18.720	Durable	NULL	No
112	Browning Caramel Glace	81,7943	10	High	2017-02-15 13:30:59.640	Weak	NULL	No
113	Ocean Spray - Kiwi Strawberry	10,5964	7	Low	2017-04-17 17:59:47.080	NULL	False	No
114	Veal - Osso Bucco	79,5638	8	High	2017-07-11 15:13:04.140	Weak	True	No
115	Ocean Spray - Ruby Red	45,0466	11	Low	2017-08-22 02:01:28.280	Weak	False	No
116	Steam Pan - Half Size Deep	5,736	3	Low	2017-12-31 07:44:48.370	Weak	True	Yes
117	Ketchup - Tomato	68,638	11	High	2018-03-27 18:48:35.460	Weak	NULL	No
118	Garbag Bags - Black	65,967	9	High	2018-05-02 18:40:50.110	Weak	NULL	No
119	Soup Campbells - Italian Wedding	29,6372	11	Medium	2018-02-06 15:52:36.430	NULL	False	No
120	Water - Spring Water 500ml	2,7314	2	Medium	2017-06-23 17:44:37.560	Durable	NULL	No
121	Muffin Batt - Blueberry Passion	6,0976	11	Low	2018-02-03 23:46:54.680	Durable	NULL	No
122	Table Cloth 62x114 White	11,7845	4	High	2018-02-19 06:40:17.800	Weak	False	Yes
123	Oil - Shortening - All - Purpose	48,1487	4	Low	2018-02-15 19:59:11.350	NULL	NULL	No
124	Macaroons - Two Bite Choc	18,2891	4	Low	2017-10-13 22:41:59.260	NULL	True	No
125	Nut - Chestnuts, Whole	6,1417	9	Low	2017-01-07 01:17:55.400	Weak	False	No
126	Crackers - Trio	14,1914	6	Low	2017-07-23 09:58:17.980	NULL	NULL	No
127	Island Oasis - Mango Daiquiri	54,1413	8	Medium	2017-04-25 21:47:41.350	NULL	False	No
128	Coffee - Irish Cream	4,6797	2	Medium	2017-07-12 15:43:44.680	Durable	NULL	No
129	Chicken - Soup Base	67,2329	7	High	2017-05-26 14:09:56.940	Durable	True	No
130	Beef Wellington	41,9808	2	Low	2017-03-11 13:58:47.650	NULL	False	No
131	Anchovy Paste - 56 G Tube	40,8967	3	Medium	2017-11-03 03:41:09.480	Durable	False	No
132	Beer - Blue	11,6217	6	High	2018-01-28 03:31:07.970	Weak	False	No
133	Beef - Top Sirloin - Aaa	2,9327	11	Low	2018-01-30 08:59:32.870	Weak	NULL	No
134	Wine - Toasted Head	39,8545	2	High	2017-08-21 20:09:17.220	Weak	True	No
135	Wiberg Super Cure	10,9641	10	Low	2018-04-25 15:04:21.890	Durable	False	No
136	Vol Au Vents	24,3913	10	Medium	2018-01-03 17:33:43.530	Weak	True	No
137	Wine - White, Schroder And Schyl	84,0566	10	Low	2018-02-19 06:30:01.590	Durable	False	No
138	Rum - Coconut, Malibu	52,6367	7	Low	2018-02-24 19:02:36.330	Durable	NULL	Yes
139	Chicken - Wieners	21,423	1	High	2017-08-09 12:40:59.570	Weak	False	No
140	Oregano - Dry, Rubbed	68,1326	11	High	2018-04-04 19:30:05.600	Durable	NULL	No
141	Tea - Herbal Sweet Dreams	10,964	1	Low	2018-01-19 05:08:18.970	Durable	True	No
142	Pork - Bacon, Double Smoked	24,7809	6	Medium	2017-06-10 06:37:54.840	Weak	True	No
143	Watercress	42,6169	1	Medium	2018-03-13 03:29:15.560	NULL	True	No
144	Placemat - Scallop, White	95,7865	5	Medium	2018-03-09 23:44:25.600	Durable	False	No
145	Wine - Chardonnay South	34,4139	9	Low	2017-04-18 03:37:22.800	Durable	NULL	No
146	Bananas	75,2486	7	High	2017-03-18 00:33:16.760	Durable	False	Yes
147	Cheese - Mozzarella	49,6197	5	High	2017-05-29 15:26:02.910	NULL	False	Yes
148	Beer - Sleemans Cream Ale	28,5553	11	Medium	2018-04-19 00:16:43.830	Durable	True	No
149	Zucchini - Yellow	98,4644	10	High	2017-07-25 01:08:07.500	Weak	True	No
150	Langers - Ruby Red Grapfruit	40,6552	9	High	2018-04-10 21:39:33.620	Durable	False	No
151	Mushrooms - Black, Dried	93,5613	7	High	2017-08-19 10:23:38.570	Weak	True	No
152	Lentils - Red, Dry	58,8128	7	Medium	2017-08-22 01:58:29.290	NULL	NULL	No
153	Arizona - Green Tea	70,2382	4	Low	2017-04-10 05:04:22.440	Weak	False	No
154	Ice Cream Bar - Drumstick	24,756	4	Medium	2017-07-06 12:05:31.010	Weak	True	No
155	Peas - Pigeon, Dry	63,5524	9	High	2017-02-21 14:39:50.150	Weak	False	No
156	Sprouts - Alfalfa	71,2264	1	High	2018-05-09 20:18:03.820	Durable	False	No
157	Juice - Cranberry, 341 Ml	14,1082	11	Medium	2017-09-06 03:07:45.320	NULL	False	No
158	Apricots Fresh	54,4643	4	High	2017-09-18 08:44:23.210	NULL	False	No
159	Eggplant - Asian	92,1053	7	Medium	2017-12-29 19:41:34.640	Durable	True	No
160	Beef Ground Medium	54,6874	7	Medium	2017-11-03 18:39:50.240	Weak	True	No
161	Longos - Chicken Wings	64,6118	10	Low	2017-08-18 07:32:54.550	Weak	NULL	No
162	Sauce - Demi Glace	2,7353	11	Medium	2017-12-08 20:01:58.660	Weak	True	No
163	Tomatoes Tear Drop	11,7708	6	Low	2017-10-07 05:58:29.070	NULL	True	Yes
164	Loquat	7,3982	11	Medium	2017-12-07 18:21:15.160	NULL	False	No
165	Bread Crumbs - Japanese Style	0,0449	6	Low	2017-03-26 04:19:03.700	NULL	False	No
166	Tray - 16in Rnd Blk	23,2843	5	High	2018-04-25 14:14:10.760	Durable	False	Yes
167	Knife Plastic - White	78,8615	11	Medium	2017-05-26 04:31:26.770	Durable	False	No
168	Milk - 2%	70,7419	6	Medium	2018-01-03 21:50:29.860	NULL	True	No
169	Water - Aquafina Vitamin	68,5996	10	Medium	2017-07-26 00:08:42.260	NULL	False	Yes
170	Initation Crab Meat	20,6553	1	Medium	2017-12-26 08:27:44.760	Durable	False	Yes
171	Gloves - Goldtouch Disposable	21,6794	5	High	2018-03-21 01:14:46.790	Durable	False	No
172	Sherry - Dry	16,0013	5	High	2017-01-31 23:45:59.130	Durable	NULL	Yes
173	Rosemary - Dry	44,544	8	Low	2017-09-24 05:59:50.530	Durable	False	No
174	Guinea Fowl	61,5047	11	High	2018-03-13 20:22:30.840	Durable	True	No
175	Oil - Safflower	91,7675	1	Low	2017-10-12 12:36:18.600	Weak	True	No
176	Smirnoff Green Apple Twist	81,3167	6	High	2017-08-27 17:08:59.840	Durable	True	No
177	Coconut - Shredded, Sweet	69,1677	3	Medium	2018-04-18 03:11:02.240	Weak	True	No
178	Pernod	52,3623	10	High	2018-04-17 20:14:45.760	Weak	True	No
179	Yoghurt Tubes	83,8752	6	Low	2017-06-28 19:04:36.450	Durable	NULL	No
180	Chocolate - Dark	30,8932	3	Low	2018-03-01 00:44:38.640	Durable	True	No
181	Phyllo Dough	64,5718	1	Medium	2017-02-24 18:32:15.070	NULL	False	No
182	Campari	25,586	9	Low	2017-05-16 21:30:57.530	Weak	False	Yes
183	Spice - Peppercorn Melange	6,2154	4	High	2018-04-27 14:35:37.180	Weak	False	No
184	Hersey Shakes	26,5776	9	Low	2017-06-24 16:30:23.320	Weak	True	No
185	Foam Dinner Plate	48,4195	6	Low	2017-11-30 03:35:09.080	Weak	NULL	Yes
186	Muffin Mix - Blueberry	82,0839	8	Low	2017-03-15 01:42:40.190	Weak	False	No
187	Pepper - Black, Whole	41,3835	3	Medium	2017-10-20 22:26:45.530	Durable	False	No
188	Cup - Translucent 7 Oz Clear	78,1768	8	High	2017-07-27 20:54:01.860	Durable	False	No
189	Bread - Roll, Soft White Round	76,3021	5	High	2017-07-01 05:29:27.070	NULL	False	No
190	Cake - Cake Sheet Macaroon	39,7378	9	Medium	2018-04-25 18:46:18.070	Durable	True	No
191	Hickory Smoke, Liquid	10,283	10	High	2017-04-30 14:25:58.210	Weak	NULL	No
192	Wine - Magnotta, Merlot Sr Vqa	29,5923	7	Medium	2017-06-03 21:45:38.370	Durable	NULL	Yes
193	Veal - Inside, Choice	60,5314	11	Medium	2017-02-26 23:21:01.690	NULL	False	No
194	Lettuce - Frisee	66,7357	6	Medium	2018-02-12 18:01:09.340	NULL	False	No
195	Beets - Mini Golden	3,5208	2	Medium	2017-08-18 11:57:11.040	Durable	NULL	Yes
196	Longos - Grilled Salmon With Bbq	8,2286	1	High	2017-02-11 09:06:20.300	NULL	NULL	Yes
197	Mussels - Cultivated	13,0101	1	Medium	2018-01-11 00:39:25.780	NULL	True	No
198	Lime Cordial - Roses	35,2187	1	Low	2017-04-06 09:08:00.390	Durable	False	No
199	Pork - Hock And Feet Attached	95,7415	10	Medium	2017-12-15 19:25:21.890	Weak	NULL	No
200	Garlic - Peeled	11,1295	5	Medium	2017-05-02 13:23:12.040	Weak	False	No
201	Grenadine	96,3871	8	Medium	2018-03-01 20:01:50.000	Weak	True	No
202	Bay Leaf	78,8778	11	Low	2017-10-02 17:35:33.050	Weak	True	No
203	Chicken - Leg, Boneless	59,9557	1	High	2017-09-25 00:08:01.570	Weak	NULL	No
204	Scallop - St. Jaques	77,809	9	Medium	2017-12-06 16:40:22.750	Durable	True	No
205	Turkey - Whole, Fresh	18,9757	5	High	2017-01-21 20:24:46.830	Weak	False	No
206	Cocoa Butter	77,56	3	Low	2017-07-19 10:37:39.440	NULL	NULL	Yes
207	Coffee - Hazelnut Cream	14,2688	10	Medium	2018-04-06 19:58:38.760	NULL	True	No
208	Mushroom - Trumpet, Dry	8,7335	5	Medium	2017-06-06 08:41:51.600	Weak	False	No
209	Sugar - Fine	32,9885	3	Low	2018-01-31 23:29:12.410	NULL	NULL	No
210	Cheese - Brie,danish	82,2358	3	High	2017-11-03 21:30:50.320	NULL	NULL	No
211	Wine - Prosecco Valdobiaddene	2,0587	9	Low	2017-01-22 17:07:01.570	NULL	True	No
212	Curry Paste - Madras	61,746	2	High	2017-09-28 06:52:59.570	Weak	True	No
213	Pate - Cognac	70,5891	10	High	2017-03-23 13:39:46.750	Weak	True	No
214	French Pastry - Mini Chocolate	61,2121	5	Low	2018-03-09 18:56:56.000	Durable	NULL	No
215	Veal - Brisket, Provimi,bnls	90,1157	7	High	2017-09-10 00:07:35.160	Weak	NULL	No
216	Scallops - 10/20	39,0257	1	Low	2017-04-04 10:01:57.020	NULL	NULL	Yes
217	Bread - Multigrain	96,52	8	Medium	2017-12-21 05:26:21.480	Durable	True	No
218	Barramundi	85,1933	8	High	2017-04-15 13:28:05.740	Weak	True	No
219	Assorted Desserts	58,9787	5	Low	2017-01-08 14:46:06.070	Durable	False	No
220	Meldea Green Tea Liquor	17,961	10	Low	2017-01-12 02:36:23.500	Weak	False	No
221	Bread Crumbs - Panko	81,9008	3	Low	2017-07-06 15:47:25.220	NULL	False	No
222	Sole - Dover, Whole, Fresh	0,6846	3	High	2018-03-08 07:37:24.910	NULL	False	No
223	Pail With Metal Handle 16l White	94,4399	1	Medium	2017-07-06 16:21:02.790	NULL	NULL	No
224	Flour - Pastry	28,8618	1	High	2017-08-09 05:22:24.190	Weak	False	Yes
225	Wine - Charddonnay Errazuriz	10,3722	3	Medium	2017-08-28 18:01:46.550	Weak	NULL	No
226	Chestnuts - Whole,canned	92,0872	10	Medium	2017-10-18 03:29:08.410	Durable	True	No
227	Cheese - Taleggio D.o.p.	55,4699	5	Low	2018-04-14 00:24:57.440	Weak	False	No
228	Sauce - Hollandaise	77,8083	3	High	2017-12-19 11:58:41.190	Durable	NULL	No
229	Bread - Hot Dog Buns	57,9838	9	Medium	2017-07-27 08:25:19.790	Weak	False	No
230	Wine - Cahors Ac 2000, Clos	83,5389	11	Medium	2017-09-01 03:29:58.290	Weak	False	No
231	Crush - Cream Soda	68,3066	5	Medium	2017-12-24 16:29:34.060	NULL	True	No
232	Quiche Assorted	33,949	3	Medium	2018-01-12 18:03:01.840	Weak	False	No
233	Duck - Breast	56,6209	11	Low	2017-05-04 00:49:23.860	Durable	True	No
234	Tofu - Firm	72,7457	1	Medium	2017-02-27 05:41:24.410	Weak	NULL	No
235	Bread - English Muffin	34,5061	6	High	2018-05-09 04:42:48.650	Durable	False	No
236	Tomato - Tricolor Cherry	85,694	1	Low	2017-10-02 00:56:42.020	NULL	True	No
237	Mayonnaise - Individual Pkg	65,6303	8	Low	2017-12-29 21:22:55.960	Weak	False	Yes
238	Garlic	28,4065	6	Medium	2017-05-22 21:55:14.430	Durable	False	No
239	Soup - Campbells, Cream Of	7,6019	5	Medium	2017-06-03 20:05:36.490	Weak	True	Yes
240	Wine - Chablis 2003 Champs	70,8596	4	Low	2017-05-14 16:57:29.640	Weak	False	No
241	Cheese - Cheddarsliced	67,8151	9	Medium	2017-04-17 05:44:01.430	NULL	NULL	No
242	Thermometer Digital	32,65	9	Low	2017-05-17 13:44:53.920	Weak	False	No
243	Sun - Dried Tomatoes	45,1883	6	Medium	2017-11-02 21:24:49.460	Weak	False	No
244	Beef - Rib Eye Aaa	94,0664	2	Low	2018-01-04 07:58:36.760	NULL	True	No
245	Grouper - Fresh	37,6791	1	Medium	2018-04-04 01:39:16.490	Weak	NULL	No
246	Ice Cream Bar - Hageen Daz To	48,5371	9	Low	2017-12-10 07:32:58.640	Weak	False	No
247	Juice - Apple Cider	59,0033	9	High	2017-03-14 08:05:51.620	Weak	False	No
248	Beef - Inside Round	99,3193	7	Low	2017-04-29 04:24:05.700	NULL	NULL	No
249	Cookie Dough - Double	76,6201	10	Medium	2017-06-05 17:53:34.170	Weak	True	No
250	Soup - Campbells, Beef Barley	64,4951	1	Low	2017-05-17 01:55:14.020	Durable	False	No
251	Oranges - Navel, 72	11,7087	5	Low	2017-07-01 03:39:58.820	Weak	True	No
252	Nantucket - Pomegranate Pear	27,8169	4	Medium	2017-09-28 11:11:20.030	Weak	NULL	No
253	Wanton Wrap	76,24	7	High	2017-03-29 18:21:54.320	NULL	NULL	No
254	Soup - Canadian Pea, Dry Mix	77,7804	1	Low	2017-12-04 16:48:58.390	Weak	True	Yes
255	Kellogs All Bran Bars	29,2287	3	Low	2018-03-05 21:35:46.830	Weak	False	No
256	Soup Knorr Chili With Beans	95,7024	6	Medium	2018-05-03 12:24:25.100	Durable	NULL	No
257	Pasta - Detalini, White, Fresh	84,438	11	High	2017-03-30 01:14:30.260	Durable	NULL	No
258	Tea - English Breakfast	31,0939	1	Low	2017-02-16 18:45:37.370	Weak	NULL	Yes
259	Veal - Eye Of Round	67,4367	7	High	2017-04-10 22:38:36.190	NULL	True	No
260	Yogurt - Blueberry, 175 Gr	26,8886	7	Low	2017-08-13 16:55:38.420	Durable	False	No
261	Chinese Foods - Chicken	22,0901	9	High	2017-08-14 10:12:42.010	Durable	True	Yes
262	Bagel - Plain	36,4605	7	Medium	2017-04-19 07:59:57.570	Durable	NULL	No
263	Soupfoamcont12oz 112con	50,7497	7	Low	2018-03-20 00:16:31.820	Weak	False	No
264	Juice - V8 Splash	49,4497	3	High	2017-06-02 19:59:14.110	Durable	True	No
265	Mushroom - Porcini, Dry	13,9292	10	Medium	2018-03-20 05:01:16.260	Weak	NULL	No
266	Clam Nectar	68,1097	7	High	2017-05-19 23:03:59.730	Weak	NULL	No
267	Grapes - Red	5,125	2	Medium	2017-05-28 06:03:35.710	NULL	True	No
268	Vanilla Beans	97,8435	9	Low	2017-01-25 07:58:22.340	Durable	False	No
269	Wine - Blue Nun Qualitatswein	26,706	11	Medium	2018-03-10 14:14:07.360	Durable	True	No
270	Cheese Cloth No 100	4,4216	6	Medium	2018-04-17 23:10:53.140	Durable	NULL	No
271	Banana - Leaves	73,3954	5	High	2017-08-13 12:39:01.070	NULL	True	No
272	Chocolate - Semi Sweet, Calets	68,1134	2	Low	2017-08-01 07:31:07.050	Weak	True	No
273	Bandage - Flexible Neon	77,5913	4	Medium	2018-03-21 17:22:29.260	Weak	NULL	Yes
274	Papayas	88,1192	2	Low	2018-01-03 21:48:36.440	Weak	False	No
275	Corn Meal	50,146	1	Medium	2018-02-03 20:52:22.080	Durable	True	No
276	Snapple - Iced Tea Peach	49,2508	5	High	2017-02-20 02:02:31.300	NULL	True	No
277	Sea Bass - Whole	55,4964	9	Medium	2017-05-06 10:12:35.440	Durable	NULL	No
278	Apricots - Halves	0,3735	11	Medium	2017-11-09 08:22:26.040	Weak	False	No
279	Beef - Texas Style Burger	91,1828	1	Low	2017-09-14 03:43:07.710	Durable	True	No
280	Onion Powder	61,8352	5	Medium	2018-01-26 10:28:47.910	Durable	False	No
281	Bar Mix - Pina Colada, 355 Ml	33,0839	2	High	2017-08-06 19:23:16.790	Durable	True	No
282	Lemonade - Natural, 591 Ml	56,1506	10	Low	2017-12-16 20:00:51.740	Durable	False	No
283	Bread Fig And Almond	1,1882	4	Low	2017-07-16 18:05:07.010	Durable	False	No
284	Beer - Rickards Red	93,4888	9	Low	2017-03-13 06:30:05.770	Weak	False	No
285	Cheese - Mix	71,8302	7	Low	2017-03-03 23:49:59.470	NULL	NULL	No
286	Beef - Prime Rib Aaa	40,4897	2	Low	2017-03-29 05:18:14.030	Durable	False	No
287	Bread - Italian Roll With Herbs	57,709	7	Medium	2017-10-16 23:41:07.520	Durable	True	Yes
288	Orange - Canned, Mandarin	78,8405	11	Low	2017-10-07 08:00:25.480	Durable	True	No
289	Sword Pick Asst	43,5169	10	Low	2017-05-03 08:05:37.580	Durable	False	No
290	Sauce - Rosee	38,8037	1	Low	2017-01-06 16:18:23.540	NULL	True	Yes
291	Crab - Dungeness, Whole	1,2559	2	Medium	2017-07-05 23:42:11.760	NULL	False	No
292	Turkey - Oven Roast Breast	34,5364	8	Low	2017-11-13 02:37:18.580	NULL	False	No
293	Garlic - Elephant	60,9698	11	Medium	2017-02-11 23:16:38.230	Durable	NULL	No
294	Wine - Alsace Gewurztraminer	80,7133	10	Low	2018-02-28 03:09:58.080	Weak	NULL	No
295	Ice - Clear, 300 Lb For Carving	48,7695	7	Low	2018-02-07 06:44:47.630	NULL	True	No
296	Wine - Valpolicella Masi	31,3545	3	Low	2018-05-07 21:44:03.870	Weak	False	No
297	Hinge W Undercut	81,9003	3	Low	2017-07-07 13:28:22.110	Durable	True	No
298	Pop Shoppe Cream Soda	95,7387	4	Medium	2017-06-03 01:25:35.340	NULL	False	No
299	Fuji Apples	80,1371	4	Medium	2018-02-24 02:57:20.510	NULL	False	No
300	Beans - Kidney, Canned	69,5694	5	Medium	2017-11-16 02:35:16.760	NULL	True	Yes
301	Beer - Labatt Blue	43,412	8	Medium	2017-07-16 01:29:22.930	Weak	NULL	No
302	Doilies - 5, Paper	61,1598	11	Medium	2017-02-18 00:07:29.280	Durable	NULL	No
303	Cod - Black Whole Fillet	72,6133	7	High	2017-06-28 14:09:58.350	NULL	False	No
304	Banana Turning	72,1984	5	High	2017-06-27 18:42:41.030	NULL	True	No
305	Pastry - Cheese Baked Scones	91,0997	8	Medium	2018-02-10 13:16:12.950	Weak	True	Yes
306	Pepper - White, Ground	43,5953	4	Low	2018-04-08 20:08:51.780	Durable	True	Yes
307	Foam Cup 6 Oz	50,2256	1	High	2017-11-16 17:48:50.780	Durable	NULL	No
308	Tea - Decaf Lipton	88,1209	6	High	2017-08-02 20:33:17.890	Durable	NULL	No
309	Muffin Batt - Choc Chk	27,6344	11	Medium	2018-03-09 19:56:36.310	Durable	True	No
310	Coffee - Dark Roast	79,978	9	Low	2018-01-14 19:33:15.530	Weak	False	Yes
311	Wonton Wrappers	40,206	9	High	2017-12-29 02:11:49.650	Weak	NULL	No
312	Salmon - Sockeye Raw	84,0645	1	Low	2017-09-27 16:52:04.230	Weak	True	No
313	Veal - Slab Bacon	39,9111	11	High	2017-10-12 15:02:29.670	NULL	NULL	No
314	Salmon Steak - Cohoe 8 Oz	5,6015	2	Medium	2017-07-23 12:09:48.290	NULL	True	Yes
315	Wine - Gato Negro Cabernet	93,8047	6	Medium	2017-01-07 21:32:21.630	NULL	True	Yes
316	Cheese - Victor Et Berthold	65,9395	11	High	2018-01-05 14:11:50.270	Weak	False	No
317	Water - Green Tea Refresher	35,2723	3	Low	2018-02-10 13:54:50.560	Weak	False	No
318	Ecolab - Solid Fusion	57,261	10	High	2018-01-07 17:46:26.050	NULL	NULL	No
319	Towels - Paper / Kraft	77,6195	7	High	2017-04-01 20:09:14.640	NULL	NULL	No
320	Yogurt - French Vanilla	73,4396	9	Low	2017-12-22 23:43:02.230	NULL	NULL	No
321	Potatoes - Instant, Mashed	10,4007	1	Medium	2017-12-10 23:22:52.220	Durable	NULL	No
322	Onions - Vidalia	26,2846	2	Medium	2017-12-28 22:03:10.240	NULL	NULL	No
323	Extract - Lemon	54,3266	10	High	2018-01-31 23:52:44.760	Weak	False	No
324	Apricots - Dried	87,9023	10	Low	2018-03-04 21:55:43.810	Durable	True	No
325	Halibut - Fletches	3,1657	5	Low	2017-10-13 23:28:41.380	NULL	True	No
326	Appetizer - Mushroom Tart	38,859	9	High	2018-02-07 10:01:42.490	NULL	False	No
327	Appetizer - Mini Egg Roll, Shrimp	7,1436	2	Medium	2017-06-20 08:14:28.810	NULL	False	No
328	Tuna - Salad Premix	96,8781	6	Medium	2017-01-22 14:12:31.170	Durable	True	No
329	Pork - Loin, Center Cut	39,3496	6	High	2018-04-05 15:03:48.810	Weak	True	No
330	Olives - Kalamata	18,7914	10	Medium	2018-02-05 23:08:18.220	NULL	False	No
331	Cookies Cereal Nut	67,3505	3	High	2017-12-23 12:34:09.200	Durable	NULL	Yes
332	Bouq All Italian - Primerba	59,7578	5	Low	2018-04-12 08:47:00.100	NULL	False	No
333	Cheese - Cottage Cheese	20,2364	7	High	2018-01-23 05:25:05.530	Weak	False	No
334	Ecolab - Lime - A - Way 4/4 L	21,6133	7	High	2018-03-08 01:07:50.950	Weak	True	Yes
335	Oil - Shortening,liqud, Fry	18,4231	9	Low	2017-07-14 08:59:24.970	Weak	NULL	Yes
336	Broom - Corn	71,9241	2	Low	2017-06-19 19:15:47.500	Durable	True	No
337	Bread - Rye	83,5373	3	Low	2017-06-21 05:50:53.390	Durable	True	No
338	Cheese - Camembert	28,9899	11	Low	2017-01-19 23:22:25.970	Durable	NULL	No
339	Beef - Striploin Aa	2,389	2	Medium	2017-06-09 17:13:52.820	Weak	NULL	No
340	Veal - Sweetbread	28,2349	3	High	2017-04-04 03:41:07.690	Durable	True	No
341	Bread - Roll, Canadian Dinner	90,2641	1	Low	2017-09-19 11:29:23.250	Weak	True	No
342	Mangoes	69,5881	1	Medium	2017-03-17 03:07:49.620	NULL	False	No
343	Otomegusa Dashi Konbu	51,2061	1	High	2017-12-07 12:03:49.170	Durable	False	No
344	Sausage - Liver	63,5389	2	Low	2017-08-26 12:32:22.060	NULL	False	No
345	Bread - Calabrese Baguette	98,5978	4	Medium	2017-05-18 14:06:33.900	Durable	False	No
346	Cheese - Parmesan Grated	17,1914	1	Low	2018-02-15 06:50:07.540	NULL	True	No
347	Pail For Lid 1537	94,6253	8	Low	2017-02-01 11:34:48.910	NULL	True	No
348	Pasta - Cheese / Spinach Bauletti	55,3683	10	Low	2017-11-29 11:06:49.950	Durable	True	No
349	Puree - Mocha	86,9086	4	Medium	2018-02-21 05:37:36.440	NULL	True	No
350	Isomalt	82,83	8	Low	2017-02-02 16:32:57.360	NULL	True	No
351	Hot Chocolate - Individual	96,0823	1	High	2017-03-28 07:49:13.300	Durable	NULL	Yes
352	Beef - Tenderlion, Center Cut	24,6393	4	Low	2017-11-06 19:41:56.060	NULL	False	No
353	Milk Powder	18,1191	8	Medium	2017-03-04 05:16:20.700	Weak	True	No
354	Crackers Cheez It	6,6975	7	Medium	2017-03-05 03:14:18.270	NULL	False	No
355	Olives - Stuffed	59,1687	5	Low	2018-04-15 03:12:24.540	Durable	False	Yes
356	Dc - Frozen Momji	17,1274	6	High	2017-11-25 03:26:12.700	Durable	NULL	No
357	Tilapia - Fillets	6,8332	2	Medium	2017-05-27 00:14:44.530	Durable	False	No
358	Cheese - Boursin, Garlic / Herbs	84,7111	9	Medium	2017-09-02 16:14:14.540	NULL	True	No
359	Rice - Long Grain	69,0327	11	High	2018-01-21 19:13:59.660	Durable	True	No
360	Wine - Hardys Bankside Shiraz	52,2407	10	Medium	2017-01-04 03:14:30.460	Durable	True	No
361	Coffee Decaf Colombian	36,4516	2	Medium	2017-10-20 11:54:22.960	Weak	True	No
362	Cumin - Whole	53,3476	7	Medium	2017-10-26 03:36:19.600	Durable	NULL	Yes
363	Cornflakes	48,7712	11	High	2017-09-06 05:29:29.090	NULL	True	No
364	Cattail Hearts	8,8429	1	High	2017-02-01 20:48:18.090	NULL	NULL	No
365	Wine - Red, Harrow Estates, Cab	12,6274	7	Medium	2017-01-23 06:59:06.330	Weak	True	No
366	Tahini Paste	80,4483	4	High	2018-01-25 17:24:49.550	NULL	False	No
367	Bread - Italian Corn Meal Poly	63,8281	5	Medium	2018-01-12 11:26:58.700	NULL	True	No
368	Flour - Teff	18,2978	4	Low	2017-12-14 13:54:38.720	NULL	False	No
369	Rambutan	87,1785	5	Medium	2017-01-10 03:10:23.310	NULL	True	Yes
370	Muffin - Carrot Individual Wrap	21,8806	4	Low	2017-11-28 02:16:34.130	Weak	True	No
371	Creme De Banane - Marie	82,4022	8	High	2017-07-18 08:20:56.880	Durable	NULL	No
372	Wine - Two Oceans Cabernet	6,2824	3	Low	2018-01-22 14:32:24.580	NULL	True	Yes
373	Beef - Montreal Smoked Brisket	54,8719	9	Medium	2017-08-01 00:32:33.220	Durable	False	Yes
374	Jagermeister	49,3846	5	Low	2018-05-07 16:28:06.950	Durable	False	No
375	Snapple Lemon Tea	83,1755	8	High	2017-04-05 12:13:38.970	NULL	True	No
376	Pasta - Angel Hair	40,8126	11	High	2017-09-26 20:15:02.590	Durable	True	Yes
377	Wine - Red, Cooking	75,0785	1	Medium	2017-01-22 09:59:21.060	Durable	False	No
378	Bread Foccacia Whole	90,7877	9	High	2017-06-08 11:20:22.690	Durable	False	No
379	Smoked Paprika	89,3046	7	High	2017-10-18 07:49:09.900	NULL	False	No
380	Wine - White Cab Sauv.on	85,9743	4	High	2018-01-05 16:38:33.840	NULL	True	No
381	Vaccum Bag 10x13	44,2337	1	High	2018-01-06 22:26:53.580	NULL	NULL	Yes
382	Soup - Campbells Bean Medley	51,7754	4	Medium	2017-11-28 21:07:38.870	Weak	NULL	No
383	Cake - Box Window 10x10x2.5	9,9694	2	High	2017-04-10 08:34:54.730	Weak	NULL	No
384	Fond - Neutral	56,5197	10	High	2018-03-03 22:30:51.450	NULL	True	No
385	Pork - Back, Short Cut, Boneless	22,7091	10	High	2017-11-11 15:19:04.910	Durable	False	Yes
386	Sprouts - Baby Pea Tendrils	42,7112	10	Medium	2017-02-16 16:52:13.130	Weak	False	No
387	Fondant - Icing	41,6386	9	High	2018-02-09 03:30:39.400	Durable	False	No
388	Table Cloth 120 Round White	13,5389	1	Medium	2017-11-21 02:10:47.260	Durable	True	No
389	Pomello	62,4447	3	Medium	2018-04-01 21:55:26.420	NULL	NULL	No
390	Seedlings - Mix, Organic	1,2956	3	Low	2017-12-27 05:33:12.280	NULL	False	No
391	Bread - Bistro White	65,0908	1	Medium	2017-01-24 19:01:02.970	NULL	True	No
392	Puree - Passion Fruit	98,8263	5	High	2018-02-25 13:36:38.850	NULL	True	No
393	Olive - Spread Tapenade	59,9572	1	Low	2017-05-08 04:08:26.320	NULL	NULL	No
394	Rum - Mount Gay Eclipes	50,1484	3	High	2017-06-06 13:59:22.350	Durable	True	No
395	Juice - Lime	91,7833	1	Low	2017-10-22 15:46:44.740	Weak	True	No
396	Tea - Jasmin Green	36,9165	6	High	2018-04-03 07:53:03.650	Durable	False	No
397	Juice - Happy Planet	20,8169	1	Medium	2017-11-17 21:38:20.540	Weak	False	No
398	Wine - Wyndham Estate Bin 777	42,3632	11	High	2017-11-05 15:15:31.080	Weak	True	No
399	Berry Brulee	50,9114	6	Medium	2017-08-04 05:33:15.730	NULL	True	Yes
400	Carbonated Water - Blackcherry	18,1495	1	High	2017-08-30 20:41:44.350	Durable	True	No
401	Tart Shells - Sweet, 4	53,3634	8	High	2017-02-03 19:23:08.840	NULL	NULL	Yes
402	Butter - Unsalted	76,3275	5	High	2017-06-27 21:40:10.190	Durable	NULL	No
403	Liners - Baking Cups	68,1898	5	Medium	2017-11-20 07:56:26.630	NULL	NULL	No
404	Pants Custom Dry Clean	65,028	1	Medium	2017-03-27 03:21:02.310	Durable	False	No
405	Pastry - Raisin Muffin - Mini	0,4278	11	Medium	2017-11-25 08:12:00.480	Durable	True	No
406	Shrimp - Baby, Warm Water	89,7999	9	High	2017-07-13 17:16:48.730	Durable	False	No
407	Pepsi - Diet, 355 Ml	69,7674	7	High	2017-04-08 19:09:22.830	Weak	False	No
408	Blueberries	68,7346	4	Low	2017-03-06 12:48:13.750	NULL	False	Yes
409	Skirt - 29 Foot	23,522	11	Medium	2018-04-08 15:00:39.310	Durable	NULL	No
410	Fenngreek Seed	18,356	6	Low	2017-07-20 06:57:21.940	NULL	NULL	No
411	Durian Fruit	42,0489	6	Low	2017-11-03 17:26:51.640	NULL	True	No
412	Lettuce - California Mix	16,0456	5	High	2018-04-27 12:54:21.840	Weak	True	No
413	Ice Cream Bar - Oreo Cone	95,4065	3	High	2018-03-25 08:25:04.650	Durable	False	No
414	Sauerkraut	83,0585	7	Low	2017-01-17 02:35:25.820	Durable	NULL	No
415	Mussels - Frozen	8,0069	10	High	2017-05-07 04:47:36.890	Durable	False	Yes
416	Baking Powder	84,6763	10	Low	2018-03-31 14:46:44.090	Weak	True	No
417	Lamb - Pieces, Diced	43,3781	5	Medium	2017-07-18 19:01:24.860	NULL	NULL	No
418	Truffle Cups - Brown	92,2516	2	Low	2017-11-12 06:58:37.640	NULL	True	No
419	Pork - Belly Fresh	86,1338	3	Low	2017-07-31 05:29:13.180	Weak	True	No
420	Whmis - Spray Bottle Trigger	69,9163	9	High	2018-04-15 14:06:53.200	Weak	True	No
421	Soup V8 Roasted Red Pepper	38,8096	6	High	2018-04-25 13:54:10.160	Durable	False	No
422	Garlic - Primerba, Paste	50,2892	5	High	2017-02-22 09:16:11.430	Weak	NULL	No
423	Fish - Scallops, Cold Smoked	55,8531	2	Medium	2018-01-21 15:59:12.310	NULL	NULL	No
424	Vinegar - Tarragon	85,8828	3	Medium	2017-05-23 21:37:11.040	NULL	False	Yes
425	Wine - Redchard Merritt	56,7898	4	Medium	2017-11-04 07:15:31.160	Weak	NULL	No
426	Scallops - Live In Shell	83,5759	3	Low	2017-09-29 18:44:18.040	NULL	NULL	No
427	Wine - Vineland Estate Semi - Dry	46,3252	3	High	2017-09-17 10:23:58.260	Durable	False	No
428	Wine - Ruffino Chianti	4,7235	7	Medium	2017-02-25 10:33:10.870	NULL	True	No
429	Beef - Short Loin	57,6013	4	High	2017-07-17 00:41:22.210	Weak	False	No
430	Milk - 1%	46,2589	2	Low	2017-05-12 04:20:35.330	Durable	False	No
431	Muffin Chocolate Individual Wrap	19,9957	10	Medium	2018-03-18 22:36:42.060	Weak	False	No
432	Beer - Original Organic Lager	32,7153	2	High	2017-07-26 18:43:49.990	NULL	False	No
433	Beans - Kidney, Red Dry	39,8762	3	Low	2018-03-14 05:47:06.970	Durable	False	Yes
434	Cookie - Dough Variety	71,1551	7	Low	2017-02-18 11:07:25.550	Weak	True	No
435	Salsify, Organic	32,6109	8	High	2017-12-02 21:15:24.990	Durable	True	No
436	Table Cloth 81x81 White	67,9063	7	High	2017-07-13 00:46:43.380	NULL	False	No
437	Chips Potato All Dressed - 43g	83,5856	10	High	2017-01-09 13:11:12.230	Durable	NULL	No
438	Juice - Orange	44,9415	2	Low	2017-01-15 05:13:52.420	Durable	NULL	No
439	Beef - Chuck, Boneless	56,0919	11	Medium	2017-04-09 14:18:50.960	NULL	False	No
440	Pork - Inside	32,9092	1	Low	2017-05-01 22:02:16.170	NULL	NULL	No
441	Blackberries	72,9439	3	Medium	2018-03-19 21:42:50.300	Weak	NULL	No
442	Wine - Ej Gallo Sierra Valley	72,9041	6	Medium	2017-12-06 14:42:25.640	NULL	NULL	No
443	Lettuce - Spring Mix	90,0169	2	Low	2017-12-22 11:10:07.960	NULL	False	Yes
444	Cheese - Cambozola	44,0886	8	Low	2017-09-13 14:58:04.470	Durable	NULL	No
445	Pastry - Choclate Baked	59,2467	8	High	2017-02-23 12:06:20.630	Weak	NULL	No
446	Sunflower Seed Raw	49,0452	7	High	2017-02-06 06:06:41.130	NULL	NULL	No
447	Salmon - Atlantic, Skin On	3,4198	3	High	2018-04-12 05:11:34.210	NULL	True	No
448	Gatorade - Xfactor Berry	76,8988	5	Low	2017-04-22 01:33:00.490	NULL	False	No
449	Nantuket Peach Orange	42,1414	4	Low	2017-01-31 09:11:45.450	NULL	False	No
450	Wine - Vidal Icewine Magnotta	7,107	3	Low	2017-12-01 01:00:00.650	NULL	NULL	Yes
451	Soup - Campbells Tomato Ravioli	93,5384	1	Low	2017-09-16 12:51:38.780	Durable	False	No
452	Napkin White - Starched	28,5653	11	Low	2017-01-06 14:39:42.890	Durable	NULL	No
